SYNTHETIC,id,type,subreddit,title,text,author,score,num_comments,created_utc,created_date_iso,url,permalink,data_source,content_type,language_flag,word_count,ppm_hint,collected_at
TRUE,synth_001,submission,Nootropics,Finally quit Adderall after 4 years. Burnout is real.,"Been on 30mg XR since undergrad and honestly it stopped working somewhere around year 2 but I kept pushing the dose up. Last semester I hit a wall — constant chest tightness, couldn't sleep even on weekends, and my emotions just flattened out to nothing. My GP wanted to add a second med to 'manage the side effects' which felt insane. Tapered off over 6 weeks and I feel like a person again, but my focus is genuinely worse than before I ever started. Trying to figure out what to do now because I still have finals coming up. Anyone been through this and come out the other side?",synth_user_01,49,22,1672563600.0,2023-01-01,https://reddit.example/r/Nootropics/comments/synth_001/,https://reddit.example/r/Nootropics/comments/synth_001/,synthetic_sample,text,english,109,push,2026-04-09T11:49:57+00:00
TRUE,synth_002,submission,Nootropics,3 cups of coffee used to feel normal. Now 1 wrecks me.,"Something changed in my 30s. I used to slam espresso all day in my 20s with zero issues, and now even a single flat white puts my heart rate up in the 90s and I get this weird doom feeling for hours. I love coffee — it's my morning ritual, it's my social thing with coworkers, it's how I start work — but my body is clearly telling me something. I don't want to quit entirely, but the cost-benefit has shifted and I hate that. Anyone figured out a way to keep the ritual without the physical fallout?",synth_user_02,86,41,1674723600.0,2023-01-26,https://reddit.example/r/Nootropics/comments/synth_002/,https://reddit.example/r/Nootropics/comments/synth_002/,synthetic_sample,text,english,98,push,2026-04-09T11:49:57+00:00
TRUE,synth_003,submission,StackAdvice,Modafinil stopped working and I'm scared of going higher,"I started at 100mg and it felt like a superpower. Focus, mood, motivation, everything locked in. Six months later I'm at 200mg and it feels like nothing, maybe a slight lift. I know the obvious answer is to take breaks but my work schedule doesn't allow that — I have deadlines every week and I can't afford to be a fog for three days of tapering. Reading the long-term studies is not reassuring either. Feels like I stumbled into a dependency I didn't sign up for.",synth_user_03,123,60,1676883600.0,2023-02-20,https://reddit.example/r/StackAdvice/comments/synth_003/,https://reddit.example/r/StackAdvice/comments/synth_003/,synthetic_sample,text,english,86,push,2026-04-09T11:49:57+00:00
TRUE,synth_004,submission,Nootropics,Doctors here treat ADHD meds like I'm asking for heroin,"I moved to a new city and spent 4 months trying to get my prescription transferred. Three different psychiatrists, each wanted a full re-evaluation, each charged out of pocket because my insurance changed. One literally asked if I'd 'tried meditation.' I have a diagnosis from 2019 and a paper trail longer than my arm. I understand why the guardrails exist but the system is punishing the people who actually need it. Seriously considering just going full natural stack because at least I can buy lion's mane without begging.",synth_user_04,160,79,1679043600.0,2023-03-17,https://reddit.example/r/Nootropics/comments/synth_004/,https://reddit.example/r/Nootropics/comments/synth_004/,synthetic_sample,text,english,88,push,2026-04-09T11:49:57+00:00
TRUE,synth_005,submission,decidingtobebetter,Energy drinks stole my sleep for 5 years and I didn't notice,"Drank 2-3 energy drinks a day from age 22 to 27. Thought I was just 'a bad sleeper.' Cut them out two months ago after a physical showed resting HR of 92 and I genuinely cannot believe how much better I feel. Sleeping 7 solid hours, dreaming again, not waking up at 4am anxious. The crazy part is I had convinced myself they helped me focus, but turns out sleeping properly is the actual productivity hack. Now looking for something gentler for the afternoon dip because coffee alone isn't cutting it.",synth_user_05,197,13,1681203600.0,2023-04-11,https://reddit.example/r/decidingtobebetter/comments/synth_005/,https://reddit.example/r/decidingtobebetter/comments/synth_005/,synthetic_sample,text,english,91,push,2026-04-09T11:49:57+00:00
TRUE,synth_006,submission,productivity,The 2pm coffee crash is ruining my work,"Every single day. Morning coffee is great, 10am I'm crushing it, then between 1:30 and 2:30 I turn into a zombie and can barely read a sentence. More coffee just delays the crash and wrecks my sleep. Tried skipping lunch, eating lunch, protein-heavy, carb-heavy, nothing moves the needle. It's the caffeine cycle, I know it is, but I don't know how to get off it without losing the morning focus I actually need. Feels like I'm stuck in a trap I built myself.",synth_user_06,234,32,1683363600.0,2023-05-06,https://reddit.example/r/productivity/comments/synth_006/,https://reddit.example/r/productivity/comments/synth_006/,synthetic_sample,text,english,83,push,2026-04-09T11:49:57+00:00
TRUE,synth_007,submission,Nootropics,Lion's mane actually works but it took way longer than I expected,"Read all the hype, tried it for 4 weeks, felt nothing, gave up. Picked it up again six months later out of curiosity and stuck with it for 10 weeks this time. Somewhere around week 7 I noticed I was finishing writing tasks without the usual twenty tab-switching breaks. Not euphoric, not stimulating, just… my brain stays on track longer. I think the first time I quit too early. Dose is 1g dual-extract morning and evening. Not a miracle but it's the first thing I've taken that feels like it's doing something sustainable rather than borrowed.",synth_user_07,271,51,1685523600.0,2023-05-31,https://reddit.example/r/Nootropics/comments/synth_007/,https://reddit.example/r/Nootropics/comments/synth_007/,synthetic_sample,text,english,96,pull,2026-04-09T11:49:57+00:00
TRUE,synth_008,submission,Nootropics,Rhodiola is the only thing that touched my work stress,"I'm not someone who believes in supplements generally. I'm an engineer, I want data. But after six months of grinding on a brutal project my partner basically forced me to try rhodiola. Took 200mg mornings for three weeks. The thing I noticed wasn't that I felt 'energized' — it's that the small stuff stopped derailing me. Slack pings, surprise meetings, a bug in prod — I could just… handle them. Still stressful work but the edge was off. Caveat: I also started walking at lunch so maybe that's half of it. But I'm keeping the rhodiola.",synth_user_08,308,70,1687683600.0,2023-06-25,https://reddit.example/r/Nootropics/comments/synth_008/,https://reddit.example/r/Nootropics/comments/synth_008/,synthetic_sample,text,english,96,pull,2026-04-09T11:49:57+00:00
TRUE,synth_009,submission,StackAdvice,"Bacopa: subtle, slow, but the most real thing I've tried","Three months in on 300mg standardized bacopa with breakfast. First month was nothing. Second month I noticed I was remembering names better — which sounds small but I'm terrible with names and always have been. Third month my partner commented I was 'less scatterbrained.' I don't feel anything taking it, there's no acute effect at all, but the baseline has moved. I think this is what people mean when they say nootropics are boring — the good ones don't feel like anything, they just quietly make you a bit better over months. Patience required.",synth_user_09,16,4,1689843600.0,2023-07-20,https://reddit.example/r/StackAdvice/comments/synth_009/,https://reddit.example/r/StackAdvice/comments/synth_009/,synthetic_sample,text,english,94,pull,2026-04-09T11:49:57+00:00
TRUE,synth_010,submission,Supplements,Ashwagandha fixed my sleep and my focus came back as a side effect,"I started ashwagandha for anxiety, not for focus. KSM-66, 600mg before bed. Within two weeks I was sleeping through the night for the first time in maybe five years. What I didn't expect is what happened to my work performance — turns out when you sleep properly, you don't need half the stimulants you thought you did. My coffee intake dropped from 4 cups to 1.5 without me trying. Moral of the story: sometimes the 'cognitive enhancer' you need is just actual sleep.",synth_user_10,53,23,1692003600.0,2023-08-14,https://reddit.example/r/Supplements/comments/synth_010/,https://reddit.example/r/Supplements/comments/synth_010/,synthetic_sample,text,english,83,pull,2026-04-09T11:49:57+00:00
TRUE,synth_011,submission,Nootropics,Matcha + L-theanine is the coffee replacement I didn't know I needed,"Made the switch three months ago. Ceremonial grade matcha in the morning, 200mg L-theanine on the side. The caffeine hit is lower and slower, but there's zero jitters, zero crash, and I feel calm-alert instead of wired-anxious. It's more expensive per cup than coffee, and it takes 3 extra minutes to prep which I've come to actually enjoy as a ritual. Not for everyone — if you love the hit of espresso this will feel weak. But for anyone whose coffee stopped feeling good, worth trying.",synth_user_11,90,42,1694163600.0,2023-09-08,https://reddit.example/r/Nootropics/comments/synth_011/,https://reddit.example/r/Nootropics/comments/synth_011/,synthetic_sample,text,english,86,pull,2026-04-09T11:49:57+00:00
TRUE,synth_012,submission,Nootropics,"Creatine for the brain, not just the gym","I've taken creatine for lifting since I was 19. Recently read some newer studies suggesting cognitive benefits especially under sleep deprivation and thought, wait, I already take this, why haven't I tested it that way? Kept the 5g daily but started paying attention on bad sleep days. Noticeable difference in how foggy I am after a short night — still tired, but I can still think. It's stupidly cheap, extremely well-studied, and if you already lift you're leaving cognition gains on the table by not paying attention.",synth_user_12,127,61,1696323600.0,2023-10-03,https://reddit.example/r/Nootropics/comments/synth_012/,https://reddit.example/r/Nootropics/comments/synth_012/,synthetic_sample,text,english,87,pull,2026-04-09T11:49:57+00:00
TRUE,synth_013,submission,Supplements,Omega-3 quietly changed how I think,"Started taking 2g EPA/DHA per day about 8 months ago because my doctor flagged my blood work. Wasn't expecting anything cognitive. Around month 3 my partner asked if I'd changed my meds because I 'seemed more present.' I hadn't. I think the sustained intake finally did something to my baseline — I find meetings less draining, I can follow long conversations without zoning out, and my afternoon mood is dramatically more stable. It's the least sexy supplement in the world and possibly the most underrated.",synth_user_13,164,80,1698483600.0,2023-10-28,https://reddit.example/r/Supplements/comments/synth_013/,https://reddit.example/r/Supplements/comments/synth_013/,synthetic_sample,text,english,85,pull,2026-04-09T11:49:57+00:00
TRUE,synth_014,submission,Nootropics,Mushroom coffee blend — surprised I'm sticking with it,"Tried one of those lion's mane plus chaga plus coffee blends as a joke after seeing an ad. Thought it'd taste awful. It's actually fine, tastes like slightly earthy coffee. Three weeks in and I'm not going back to straight coffee — I get a gentler lift, no afternoon crash, and I drink less of it because I don't feel the need to chain cups. I don't know if it's the mushrooms or just that the blend is lower caffeine, but whatever it is, it works for me.",synth_user_14,201,14,1700643600.0,2023-11-22,https://reddit.example/r/Nootropics/comments/synth_014/,https://reddit.example/r/Nootropics/comments/synth_014/,synthetic_sample,text,english,88,pull,2026-04-09T11:49:57+00:00
TRUE,synth_015,submission,StackAdvice,Ginkgo for the afternoon fog — worth another look,"Everyone treats ginkgo like it's a 1990s joke but I circled back to it last month and I'm impressed. 120mg standardized extract at lunch and the 2-4pm fog that's been wrecking my afternoons for years is noticeably lighter. Not coffee-level alertness, just the absence of that heavy-headed feeling. The research is mixed, I know, but at a few cents per day I don't need it to be a miracle. Would be curious if anyone else has given it a second chance recently.",synth_user_15,238,33,1702803600.0,2023-12-17,https://reddit.example/r/StackAdvice/comments/synth_015/,https://reddit.example/r/StackAdvice/comments/synth_015/,synthetic_sample,text,english,82,pull,2026-04-09T11:49:57+00:00
TRUE,synth_016,submission,decidingtobebetter,I know coffee is hurting me but I can't give up the ritual,"My whole morning is built around it. Grind the beans, pull the shot, sit at the kitchen window for 10 minutes before the kids wake up. It's not about the caffeine really, it's the ritual. I've tried replacing it with tea, with nothing, with mushroom coffee — all of it feels like losing something I actually care about. Willing to switch in theory but in practice every morning I'm back at the espresso machine. Is anyone else in this weirdly emotional situation with their caffeine?",synth_user_16,275,52,1704963600.0,2024-01-11,https://reddit.example/r/decidingtobebetter/comments/synth_016/,https://reddit.example/r/decidingtobebetter/comments/synth_016/,synthetic_sample,text,english,85,mooring,2026-04-09T11:49:57+00:00
TRUE,synth_017,submission,Nootropics,The 'cheap' supplement stack isn't actually cheap,"Sat down and added up what a 'basic' stack from this sub costs per month: lion's mane, bacopa, rhodiola, omega-3, magnesium, b-complex, creatine. Even buying the cheapest reputable brands I could find, I was looking at nearly 90 euro per month. That's a lot for 'might help with focus.' Meanwhile my 4 euro bag of coffee lasts two weeks and definitely works. I want to try this stuff but I can't justify the monthly cost against uncertain benefit, especially as a grad student.",synth_user_17,312,71,1707123600.0,2024-02-05,https://reddit.example/r/Nootropics/comments/synth_017/,https://reddit.example/r/Nootropics/comments/synth_017/,synthetic_sample,text,english,83,mooring,2026-04-09T11:49:57+00:00
TRUE,synth_018,submission,Supplements,How do you actually trust a supplement brand in Europe?,"Spent two hours trying to pick a lion's mane extract and gave up. Every brand claims 30% beta-glucans, every brand says 'dual extract,' every brand has glowing reviews that might be fake. The EU doesn't regulate these like medicines so there's no real check on the label claims. Third-party testing certificates are either missing or from labs I've never heard of. I want to try nootropics but I can't even get past picking the first product. How does anyone navigate this without getting scammed?",synth_user_18,20,5,1709283600.0,2024-03-01,https://reddit.example/r/Supplements/comments/synth_018/,https://reddit.example/r/Supplements/comments/synth_018/,synthetic_sample,text,english,84,mooring,2026-04-09T11:49:57+00:00
TRUE,synth_019,submission,decidingtobebetter,Bringing herbal tea to a coffee-culture office feels weird,"My workplace runs on espresso. The machine is basically the heart of the office — people gather around it, deals happen there, it's where you bond with new hires. I decided to cut back for health reasons and started bringing my own herbal tea. I'm not kidding, it's affected my relationships at work. People make jokes, I get less face time with my manager who's a coffee guy, and I feel like a weirdo. Did not expect 'give up coffee' to have a social cost this high.",synth_user_19,57,24,1711443600.0,2024-03-26,https://reddit.example/r/decidingtobebetter/comments/synth_019/,https://reddit.example/r/decidingtobebetter/comments/synth_019/,synthetic_sample,text,english,87,mooring,2026-04-09T11:49:57+00:00
TRUE,synth_020,submission,StackAdvice,Every source gives a different dose. How do you even pick?,"Want to try rhodiola. One reference site says 288-680mg. This subreddit says start at 100mg. The bottle says 500mg. A YouTube video says 'cycle 5 days on 2 days off.' A paper I found used 576mg. I'm a careful person and I like to understand what I'm putting in my body, and this level of variance for something that's supposed to be well-studied is making me not trust any of it. Is there actually a right answer or is everyone just guessing?",synth_user_20,94,43,1713603600.0,2024-04-20,https://reddit.example/r/StackAdvice/comments/synth_020/,https://reddit.example/r/StackAdvice/comments/synth_020/,synthetic_sample,text,english,82,mooring,2026-04-09T11:49:57+00:00
TRUE,synth_021,submission,Nootropics,Is it working or am I just believing it's working?,"Two months on a simple stack (bacopa, lion's mane, fish oil). I THINK I feel better. More focused, steadier mood, less afternoon slump. But I don't know if that's the supplements, or the placebo effect from wanting them to work, or the fact that I also started going to bed earlier, or just that summer is over. I can't run a blinded trial on myself. How do people here convince themselves the effects are real? Or do you just accept the uncertainty?",synth_user_21,131,62,1715763600.0,2024-05-15,https://reddit.example/r/Nootropics/comments/synth_021/,https://reddit.example/r/Nootropics/comments/synth_021/,synthetic_sample,text,english,82,mooring,2026-04-09T11:49:57+00:00
TRUE,synth_022,submission,Nootropics,My GP laughed when I asked about nootropics,"Brought up lion's mane and bacopa at my annual physical, asked if there was anything I should watch out for with my current meds. My doctor literally chuckled and said 'there's no evidence for any of that, save your money.' I'm not naive, I know the evidence base is thin, but the total dismissal made me feel stupid for asking and now I'm second-guessing even trying. How much weight should I give to a doctor who clearly hasn't read any of the newer studies versus people here who've actually used this stuff?",synth_user_22,168,81,1717923600.0,2024-06-09,https://reddit.example/r/Nootropics/comments/synth_022/,https://reddit.example/r/Nootropics/comments/synth_022/,synthetic_sample,text,english,92,mooring,2026-04-09T11:49:57+00:00
TRUE,synth_023,submission,Nootropics,Using nootropics for finals feels like cheating and I don't know why,"It's legal, it's over the counter, it's not that different from coffee — and yet every time I take my morning stack during exam period I feel a weird guilt about it. Like I'm 'gaming' the exam instead of earning the grade. My roommate takes prescribed Adderall and doesn't feel this way. I think it's because I know the playing field isn't even — not every student can afford this stack. Curious if anyone else has worked through this or if I'm overthinking it.",synth_user_23,205,15,1720083600.0,2024-07-04,https://reddit.example/r/Nootropics/comments/synth_023/,https://reddit.example/r/Nootropics/comments/synth_023/,synthetic_sample,text,english,84,mooring,2026-04-09T11:49:57+00:00
TRUE,synth_024,submission,decidingtobebetter,Terrified to cut caffeine because of the withdrawal stories,"Everything I read says the first 3-5 days are brutal — migraines, brain fog, mood crashes. I've got kids, a job, deadlines. I literally cannot afford to be non-functional for a week. I know intellectually it would pass and I'd feel better on the other side, but the short-term cost is too high for me to actually commit. So I'm stuck in a loop where I know caffeine isn't great for me anymore but the off-ramp is worse than the status quo. Has anyone tapered super slowly and avoided the worst of it?",synth_user_24,242,34,1722243600.0,2024-07-29,https://reddit.example/r/decidingtobebetter/comments/synth_024/,https://reddit.example/r/decidingtobebetter/comments/synth_024/,synthetic_sample,text,english,93,mooring,2026-04-09T11:49:57+00:00
TRUE,synth_025,submission,Supplements,"Tried adaptogens once, felt nothing, can't bring myself to try again","Two years ago I did a full 8-week trial of ashwagandha, rhodiola, and L-theanine based on a popular stack guide. Felt absolutely nothing the entire time. 60 euro in the bin. Now whenever someone here posts about how 'it took 3 months to notice,' I just think — or maybe it doesn't work and you're in a sunk cost fallacy. I'm skeptical by nature and my one experiment made that worse. Curious if there's anything that would actually change my mind or if I should just accept these aren't for me.",synth_user_25,279,53,1724403600.0,2024-08-23,https://reddit.example/r/Supplements/comments/synth_025/,https://reddit.example/r/Supplements/comments/synth_025/,synthetic_sample,text,english,91,mooring,2026-04-09T11:49:57+00:00
TRUE,synth_026,submission,Nootropics,Six months post-Adderall on a natural stack. Honest update.,"Came off Adderall last October after 3 years because the comedowns were destroying my evenings with my family. Replaced it with: lion's mane 1g, rhodiola 200mg, omega-3 2g, and an embarrassing amount of green tea. Honest assessment — my peak focus is lower. On Adderall I had 4-hour laser sessions, now my best is maybe 90 minutes. But my baseline is higher. I'm present with my kids, I sleep properly, my weekends don't feel like recovery. If your job demands peak output you might regret this switch. If your life demands sustainability, it's been worth it for me.",synth_user_26,316,72,1726563600.0,2024-09-17,https://reddit.example/r/Nootropics/comments/synth_026/,https://reddit.example/r/Nootropics/comments/synth_026/,synthetic_sample,text,english,98,mixed,2026-04-09T11:49:57+00:00
TRUE,synth_027,submission,Nootropics,Want to try nootropics but I don't even know where to start,"I'm interested. I've read the wiki, I've read threads, and honestly I just feel more confused than when I started. Which brand? Which dose? Extract or whole powder? Cycled or daily? With food or without? And how do I even tell if it's working? I don't want to spend 80 euro on a stack and waste it because I didn't know what I was doing. Part of me thinks I should just start with the simplest possible thing — maybe just lion's mane alone — but even picking a single product feels overwhelming. Anyone have advice for a cautious beginner?",synth_user_27,24,6,1728723600.0,2024-10-12,https://reddit.example/r/Nootropics/comments/synth_027/,https://reddit.example/r/Nootropics/comments/synth_027/,synthetic_sample,text,english,100,mixed,2026-04-09T11:49:57+00:00
TRUE,synth_028,submission,Nootropics,One year in: what I've learned moving from coffee and Adderall to a natural stack,"Quick summary of my journey for anyone considering this. Started because the Adderall crashes and coffee jitters were wrecking my evenings and sleep. Got curious about lion's mane and rhodiola after reading about long-term use versus stimulant tolerance. Hardest part wasn't the switch itself — it was everything around it: figuring out trustworthy brands in the EU market, affording the stack on a grad student budget, explaining my new morning routine to a coffee-obsessed team, and doubting myself every time I didn't feel an acute effect. A year later I'm mostly on the natural side, still have one coffee a day as ritual, and my life is dramatically calmer. Not saying this path is for everyone — it required a lot of research, a budget I didn't expect, and a willingness to feel subtler effects instead of the obvious hit of a stimulant. But I don't regret it.",synth_user_28,61,25,1730883600.0,2024-11-06,https://reddit.example/r/Nootropics/comments/synth_028/,https://reddit.example/r/Nootropics/comments/synth_028/,synthetic_sample,text,english,148,mixed,2026-04-09T11:49:57+00:00
